{
  "GET All Activities" : {
    "transaction" : "GET All Activities",
    "sampleCount" : 19,
    "errorCount" : 19,
    "errorPct" : 100.0,
    "meanResTime" : 853.3157894736843,
    "medianResTime" : 801.0,
    "minResTime" : 765.0,
    "maxResTime" : 1141.0,
    "pct1ResTime" : 1093.0,
    "pct2ResTime" : 1141.0,
    "pct3ResTime" : 1141.0,
    "throughput" : 10.82004555808656,
    "receivedKBytesPerSec" : 3.0008720102505695,
    "sentKBytesPerSec" : 2.02875854214123
  },
  "Total" : {
    "transaction" : "Total",
    "sampleCount" : 19,
    "errorCount" : 19,
    "errorPct" : 100.0,
    "meanResTime" : 853.3157894736843,
    "medianResTime" : 801.0,
    "minResTime" : 765.0,
    "maxResTime" : 1141.0,
    "pct1ResTime" : 1093.0,
    "pct2ResTime" : 1141.0,
    "pct3ResTime" : 1141.0,
    "throughput" : 10.82004555808656,
    "receivedKBytesPerSec" : 3.0008720102505695,
    "sentKBytesPerSec" : 2.02875854214123
  }
}